{
  "experiment_info": {
    "timestamp": "2025-09-01T16:16:35.356214",
    "config": {
      "num_detectors": 15,
      "wavelength_range": [
        400,
        1000
      ],
      "detector_fwhm": 50.0,
      "peak_transmittance": 0.5,
      "overlap_factor": 0.8,
      "data_source": "xiong_an",
      "xiong_an_data_path": "../dataset/xiongan.mat",
      "xiong_an_gt_path": "../dataset/xiongan_gt.mat",
      "synthetic_height": 100,
      "synthetic_width": 100,
      "synthetic_bands": 250,
      "synthetic_classes": 5,
      "num_samples": 2000,
      "sampling_method": "random",
      "normalization": "minmax",
      "remove_bad_bands": true,
      "noise_threshold": 0.01,
      "noise_level": 0.01,
      "alpha_selection": "cv",
      "cv_folds": 5,
      "alpha_range": [
        1e-06,
        100.0
      ],
      "n_alphas": 50,
      "generate_plots": true,
      "plot_num_samples": 8,
      "save_plots": true,
      "save_results": true,
      "save_model": true,
      "save_detector_config": true,
      "verbose": true,
      "_comment": "Configuration file for Hyperspectral Reconstruction Pipeline"
    }
  },
  "detector_config": {
    "min_coverage": 0.3877686976832346,
    "max_coverage": 0.6630770649961248,
    "mean_coverage": 0.6445596811114019,
    "std_coverage": 0.042876531862192015,
    "coverage_uniformity": 0.06652065451605789,
    "wavelength_range": [
      400,
      1000
    ],
    "num_detectors": 15,
    "center_wavelengths": [
      416.2162162162162,
      456.7567567567567,
      497.2972972972973,
      537.8378378378378,
      578.3783783783783,
      618.9189189189188,
      659.4594594594594,
      700.0,
      740.5405405405404,
      781.081081081081,
      821.6216216216214,
      862.1621621621621,
      902.7027027027026,
      943.2432432432431,
      983.7837837837837
    ]
  },
  "data_info": {
    "source": "xiong_an",
    "original_shape": [
      256,
      3750,
      1580
    ],
    "processed_shape": [
      256,
      3750,
      1579
    ],
    "num_samples": 2000,
    "wavelength_range": [
      400.0,
      999.6200126662445
    ],
    "num_bands": 1579,
    "measurements_shape": [
      2000,
      15
    ],
    "noise_level": 0.01,
    "snr_db": 40.0
  },
  "reconstruction_metrics": {
    "optimal_alpha": 0.7543120063354607,
    "training_mse": 0.12803595254100184,
    "training_r2": 0.8719640475615653,
    "mse": 0.0025462193774421936,
    "rmse": 0.05046007706536122,
    "r2": 0.871964047574941,
    "sam_radians": 0.1710204798738712,
    "sam_degrees": 9.798751707074857,
    "relative_error": 1.9310555239448364
  },
  "cross_validation_results": {
    "mse_scores": [
      0.1297129042913718,
      0.13701995655141255,
      0.1355437525748953,
      0.13067509703721594,
      0.12684091358430152
    ],
    "r2_scores": [
      0.8620183974330633,
      0.8672127091667248,
      0.8677666362497347,
      0.867001916382871,
      0.8746984062367098
    ],
    "sam_scores": [
      24.812245449582154,
      25.15832516712921,
      24.024687166464993,
      24.56900622467557,
      23.479400688637433
    ],
    "fold_predictions": [
      "[[-0.72176406 -0.7129421  -0.6975969  ... -0.86317383 -0.87371978\n  -0.89432621]\n [ 0.48848906  0.42641117  0.4740307  ...  0.20739832  0.21255698\n   0.21108977]\n [-1.18013474 -1.1701992  -1.15864749 ... -1.27749592 -1.27980664\n  -1.28275324]\n ...\n [-0.29617354 -0.33794204 -0.34809508 ...  0.68414477  0.64239263\n   0.49137587]\n [ 0.96209939  1.01607289  0.98597765 ...  1.3756228   1.34147088\n   1.24849373]\n [ 0.02901061 -0.02586866 -0.05441105 ...  0.39548821  0.38386018\n   0.39197953]]",
      "[[-0.26856766 -0.29771499 -0.31260565 ... -0.0900317  -0.08003531\n  -0.0897372 ]\n [-0.47959042 -0.53510119 -0.50380777 ... -0.4435391  -0.43716679\n  -0.4419431 ]\n [ 0.5861483   0.5965641   0.67502981 ... -0.22069416 -0.18110369\n  -0.17719766]\n ...\n [ 1.59852902  1.61221063  1.5876932  ...  1.13882765  1.11341428\n   1.11700936]\n [-0.30212543 -0.30304071 -0.30210299 ... -0.57654192 -0.55485652\n  -0.52493376]\n [-1.46998893 -1.44231992 -1.42945986 ... -1.60218974 -1.6036911\n  -1.60802979]]",
      "[[-0.2907157  -0.37688511 -0.37425775 ...  0.49138722  0.46786818\n   0.49819437]\n [ 1.45716979  1.51650403  1.50557017 ...  1.30740725  1.27482909\n   1.1992921 ]\n [ 0.85341071  0.82747425  0.76354256 ...  1.55974046  1.5088163\n   1.49055594]\n ...\n [ 0.76177932  0.74771786  0.69264173 ...  0.41020679  0.42454493\n   0.46872409]\n [ 0.15946748  0.15497683  0.21870963 ...  0.53298875  0.52255692\n   0.4883765 ]\n [ 0.03741404  0.07052601  0.12104131 ... -0.39910121 -0.39884564\n  -0.43804484]]",
      "[[-1.06775437 -1.06153183 -1.05574042 ... -1.14128662 -1.13990919\n  -1.13342971]\n [-0.40398527 -0.37671044 -0.35655549 ... -0.48504877 -0.46421266\n  -0.45849524]\n [ 0.27114507  0.31206646  0.32316828 ... -0.05040832 -0.03929157\n  -0.02974166]\n ...\n [-1.0301539  -1.01406868 -0.99583613 ... -1.06885515 -1.07909701\n  -1.09707858]\n [ 0.61571862  0.56415697  0.49310863 ...  0.48999107  0.51011738\n   0.54847884]\n [-0.02591063  0.05602258  0.07178354 ... -0.49864158 -0.47677932\n  -0.4621145 ]]",
      "[[-1.11172343 -1.10226035 -1.0928104  ... -1.19894855 -1.19943015\n  -1.19740259]\n [-0.54213071 -0.61886134 -0.71997499 ...  1.00442471  0.90202419\n   0.92001421]\n [-0.38060159 -0.42907222 -0.40865333 ... -0.34471346 -0.3378114\n  -0.33553595]\n ...\n [-0.75598043 -0.74359287 -0.72730063 ... -1.08220165 -1.0706886\n  -1.05195269]\n [-0.40195344 -0.39850757 -0.39341209 ... -0.50858543 -0.49893165\n  -0.47892906]\n [-1.0100368  -0.98679026 -0.97789402 ... -1.13218486 -1.12861329\n  -1.11676161]]"
    ],