{
  "experiment_info": {
    "timestamp": "2025-08-29T10:39:11.312150",
    "config": {
      "num_detectors": 15,
      "wavelength_range": [
        400,
        1000
      ],
      "detector_fwhm": 50.0,
      "peak_transmittance": 0.5,
      "overlap_factor": 0.8,
      "data_source": "synthetic",
      "xiong_an_data_path": "../2.xiongan\u96c4\u5b89\u65b0\u533a\u822a\u7a7a\u9ad8\u5149\u8c31\u9065\u611f\u5f71\u50cf\u5206\u7c7b\u6570\u636e\u96c6/xiongan.mat",
      "xiong_an_gt_path": "../2.xiongan\u96c4\u5b89\u65b0\u533a\u822a\u7a7a\u9ad8\u5149\u8c31\u9065\u611f\u5f71\u50cf\u5206\u7c7b\u6570\u636e\u96c6/xiongan_gt.mat",
      "synthetic_height": 100,
      "synthetic_width": 100,
      "synthetic_bands": 250,
      "synthetic_classes": 5,
      "num_samples": 100,
      "sampling_method": "random",
      "normalization": "minmax",
      "remove_bad_bands": true,
      "noise_threshold": 0.01,
      "noise_level": 0.01,
      "alpha_selection": "cv",
      "cv_folds": 5,
      "alpha_range": [
        1e-06,
        100.0
      ],
      "n_alphas": 50,
      "generate_plots": true,
      "plot_num_samples": 8,
      "save_plots": true,
      "save_results": true,
      "save_model": true,
      "save_detector_config": true,
      "verbose": false
    }
  },
  "detector_config": {
    "min_coverage": 0.3877686976832346,
    "max_coverage": 0.6630770649961248,
    "mean_coverage": 0.6445596811114019,
    "std_coverage": 0.042876531862192015,
    "coverage_uniformity": 0.06652065451605789,
    "wavelength_range": [
      400,
      1000
    ],
    "num_detectors": 15,
    "center_wavelengths": [
      416.2162162162162,
      456.7567567567567,
      497.2972972972973,
      537.8378378378378,
      578.3783783783783,
      618.9189189189188,
      659.4594594594594,
      700.0,
      740.5405405405404,
      781.081081081081,
      821.6216216216214,
      862.1621621621621,
      902.7027027027026,
      943.2432432432431,
      983.7837837837837
    ]
  },
  "data_info": {
    "source": "synthetic",
    "original_shape": [
      100,
      100,
      250
    ],
    "processed_shape": [
      100,
      100,
      250
    ],
    "num_samples": 100,
    "wavelength_range": [
      400.0,
      1000.0
    ],
    "num_bands": 250,
    "measurements_shape": [
      100,
      15
    ],
    "noise_level": 0.01,
    "snr_db": 40.0
  },
  "reconstruction_metrics": {
    "optimal_alpha": 0.244205309454865,
    "training_mse": 0.025984139150676884,
    "training_r2": 0.9740158608493232,
    "mse": 0.0014749792019373097,
    "rmse": 0.038405457970675336,
    "r2": 0.9740158608493232,
    "sam_radians": 0.1105912186274665,
    "sam_degrees": 6.336410078562404,
    "relative_error": 508467.6723585404
  },
  "cross_validation_results": {
    "mse_scores": [
      0.0307643924473756,
      0.03270792317050451,
      0.03208221115146919,
      0.030082836577904202,
      0.03185450793935708
    ],
    "r2_scores": [
      0.9626189493854134,
      0.9670305708048135,
      0.9683197505819334,
      0.9667500179343274,
      0.9664717086428295
    ],
    "sam_scores": [
      10.877233226193066,
      10.658611268761371,
      10.852086286423797,
      10.396255990282137,
      10.443181611208827
    ],
    "fold_predictions": [
      "[[-0.29388554 -0.57863691 -0.401156   ... -0.38014389 -0.36698227\n  -0.2460502 ]\n [-0.52218493 -0.5529292  -0.61069176 ... -0.31815001 -0.4537705\n  -0.39507871]\n [ 1.48224814  1.3972483   1.52447767 ... -0.46834061 -0.59035672\n  -0.28768107]\n ...\n [-0.30472713 -0.548391   -0.40219206 ... -0.25669805 -0.27033353\n  -0.267212  ]\n [-0.52050175 -0.36751007 -0.47404914 ...  2.52465892  2.41668286\n   2.49782608]\n [-0.43599519 -0.58009484 -0.5924312  ... -0.45298025 -0.13092194\n  -0.32745292]]",
      "[[ 1.51641057  1.62767029  1.47176145 ... -0.34059959 -0.40416773\n  -0.27035336]\n [-0.32449433 -0.45571206 -0.30236081 ... -0.13012364 -0.23232752\n  -0.29695784]\n [-0.49727551 -0.52687662 -0.47647681 ... -0.36503771 -0.44590655\n  -0.37765582]\n ...\n [-0.34869862 -0.50182344 -0.64886018 ... -0.48041841 -0.29904699\n  -0.35956849]\n [-0.72508939 -0.62124805 -0.5360753  ... -0.26921373 -0.29728087\n  -0.25274516]\n [ 1.81941302  1.96402225  1.87557631 ... -0.30270403 -0.34135405\n  -0.25963156]]",
      "[[ 1.16270055  1.35498814  1.26961408 ... -0.3271364  -0.52316202\n  -0.29335598]\n [-0.3714132  -0.33766265 -0.32671713 ...  2.84385771  2.70090898\n   2.75768641]\n [-0.48657475 -0.43349549 -0.50096721 ... -0.10168316 -0.24042947\n  -0.11524759]\n ...\n [-0.61685542 -0.46145362 -0.59461521 ... -0.24138793 -0.35876812\n  -0.3523559 ]\n [-0.70433252 -0.62046914 -0.6037204  ... -0.35249478 -0.29555716\n  -0.39498429]\n [-0.21392451 -0.40051512 -0.54047804 ... -0.28851298 -0.15733909\n  -0.24180699]]",
      "[[-0.49489534 -0.50906266 -0.51416644 ... -0.28418979 -0.26532561\n  -0.31886853]\n [-0.4847379  -0.50376296 -0.541251   ... -0.37612384 -0.31925839\n  -0.30582384]\n [ 1.6563356   1.64125357  1.64813216 ... -0.41433395 -0.48194549\n  -0.38310566]\n ...\n [-0.60117528 -0.45404739 -0.33204739 ...  2.79834285  3.02688004\n   2.748413  ]\n [-0.51166841 -0.56421303 -0.57320865 ... -0.22217152 -0.45418516\n  -0.37799989]\n [ 1.6870611   1.86752223  1.80222812 ... -0.39085151 -0.32294547\n  -0.34189252]]",
      "[[-0.45716914 -0.49027036 -0.58535498 ... -0.35193286 -0.55031987\n  -0.19088064]\n [-0.60813953 -0.39495346 -0.47248378 ...  2.74077355  2.3442064\n   2.43511611]\n [-0.55225383 -0.475596   -0.57230223 ... -0.1735874  -0.34012098\n  -0.22803796]\n ...\n [-0.42591273 -0.4955426  -0.44011448 ... -0.2608134  -0.33098331\n  -0.34056913]\n [-0.44219437 -0.52230492 -0.41966173 ... -0.16988694 -0.19084902\n  -0.33710544]\n [-0.45927304 -0.5641343  -0.63487517 ... -0.52805396 -0.16550505\n  -0.4506069 ]]"
    ],
    "fold_indices": [
      "[ 0  4 10 12 18 22 30 31 33 39 44 45 53 70 73 76 77 80 83 90]",
      "[ 5  9 11 15 16 26 28 35 40 42 47 55 65 66 69 72 85 88 93 96]",
      "[ 3  6  7  8 13 17 19 24 25 27 34 36 38 49 62 64 78 81 89 95]",
      "[32 41 43 46 48 50 54 56 57 58 59 61 67 68 75 79 94 97 98 99]",
      "[ 1  2 14 20 21 23 29 37 51 52 60 63 71 74 82 84 86 87 91 92]"
    ],
    "mean_mse": 0.03149837425732212,
    "std_mse": 0.0009458521566304133,
    "mean_r2": 0.9662381994698632,
    "std_r2": 0.0019170896282035236,
    "mean_sam": 10.64547367657384,
    "std_sam": 0.19980259787472002
  },
  "execution_time": {
    "detector_generation": 3.5478808879852295,
    "data_loading": 0.08193612098693848,
    "measurement_simulation": 0.00012373924255371094,
    "training": 0.22850608825683594,
    "evaluation": 0.006145000457763672,
    "visualization": 14.927139043807983,
    "total": 18.791730880737305
  }
}