{
  "experiment_info": {
    "timestamp": "2025-09-01T17:12:17.269390",
    "config": {
      "num_detectors": 31,
      "wavelength_range": [
        400,
        1000
      ],
      "detector_fwhm": 40.0,
      "peak_transmittance": 0.5,
      "overlap_factor": 0.7,
      "data_source": "xiong_an",
      "xiong_an_data_path": "../dataset/xiongan.mat",
      "xiong_an_gt_path": "../dataset/xiongan_gt.mat",
      "synthetic_height": 100,
      "synthetic_width": 100,
      "synthetic_bands": 250,
      "synthetic_classes": 5,
      "num_samples": 2000,
      "sampling_method": "random",
      "normalization": "minmax",
      "remove_bad_bands": true,
      "noise_threshold": 0.02,
      "noise_level": 0.01,
      "alpha_selection": "cv",
      "cv_folds": 5,
      "alpha_range": [
        1e-08,
        1000.0
      ],
      "n_alphas": 100,
      "generate_plots": true,
      "plot_num_samples": 8,
      "save_plots": true,
      "save_results": true,
      "save_model": true,
      "save_detector_config": true,
      "verbose": true
    }
  },
  "detector_config": {
    "min_coverage": 0.6240591180843043,
    "max_coverage": 1.0914057117428597,
    "mean_coverage": 1.0700525584196274,
    "std_coverage": 0.07352912130905961,
    "coverage_uniformity": 0.06871542965857265,
    "wavelength_range": [
      400,
      1000
    ],
    "num_detectors": 31,
    "center_wavelengths": [
      406.84039087947883,
      426.3843648208469,
      445.928338762215,
      465.47231270358304,
      485.01628664495115,
      504.5602605863192,
      524.1042345276873,
      543.6482084690554,
      563.1921824104235,
      582.7361563517916,
      602.2801302931596,
      621.8241042345277,
      641.3680781758958,
      660.9120521172638,
      680.4560260586319,
      700.0,
      719.543973941368,
      739.0879478827361,
      758.6319218241042,
      778.1758957654722,
      797.7198697068404,
      817.2638436482084,
      836.8078175895765,
      856.3517915309446,
      875.8957654723126,
      895.4397394136807,
      914.9837133550488,
      934.5276872964168,
      954.071661237785,
      973.6156351791531,
      993.1596091205212
    ]
  },
  "data_info": {
    "source": "xiong_an",
    "original_shape": [
      256,
      3750,
      1580
    ],
    "processed_shape": [
      256,
      3750,
      1579
    ],
    "num_samples": 2000,
    "wavelength_range": [
      400.0,
      999.6200126662445
    ],
    "num_bands": 1579,
    "measurements_shape": [
      2000,
      31
    ],
    "noise_level": 0.01,
    "snr_db": 40.0
  },
  "reconstruction_metrics": {
    "optimal_alpha": 0.2559547922699533,
    "training_mse": 0.10325936197961232,
    "training_r2": 0.896740637990493,
    "mse": 0.0019626542057564855,
    "rmse": 0.04430185329934274,
    "r2": 0.8967406379507016,
    "sam_radians": 0.154047889631958,
    "sam_degrees": 8.826293918808306,
    "relative_error": 0.8347980006727707
  },
  "cross_validation_results": {
    "mse_scores": [
      0.11166769205631677,
      0.11504490000303685,
      0.10115179239703917,
      0.11293694596777262,
      0.10859952535536273
    ],
    "r2_scores": [
      0.8869577777970362,
      0.8859867588477206,
      0.899874876795322,
      0.8932156667783896,
      0.8819581932822009
    ],
    "sam_scores": [
      22.469000405681626,
      22.472595453052538,
      20.416005617236298,
      22.427656135067874,
      22.39498909029533
    ],
    "fold_predictions": [
      "[[-8.27166939e-01 -8.36305942e-01 -8.51396661e-01 ... -1.13045299e+00\n  -1.11738061e+00 -1.10160790e+00]\n [-1.54938637e-01 -1.04000190e-01 -1.18671556e-01 ... -5.50241338e-01\n  -4.60223427e-01 -4.15426517e-01]\n [ 7.78303668e-04  5.09460022e-02  1.16879720e-01 ... -4.11374978e-01\n  -3.77618143e-01 -3.05627908e-01]\n ...\n [ 7.53185630e-01  9.13855045e-01  1.02064843e+00 ...  2.69461173e-01\n   3.10705591e-01  3.09922944e-01]\n [ 4.11956063e-01  3.82440472e-01  4.42448802e-01 ...  1.93643309e+00\n   1.75398961e+00  1.52520057e+00]\n [-2.96023877e-01 -3.12287395e-01 -3.17103585e-01 ... -1.34128299e-01\n  -1.27942177e-01 -1.22948400e-01]]",
      "[[-1.43832657 -1.4337971  -1.44139925 ... -1.51947605 -1.51024023\n  -1.50568351]\n [ 1.30329668  1.20287993  1.16809517 ...  1.14380356  1.1124139\n   1.20192825]\n [ 1.6743914   1.63305207  1.58371866 ...  2.06367619  2.01268062\n   1.99488633]\n ...\n [-0.14365028 -0.28994849 -0.35128662 ...  0.7280042   0.66077638\n   0.61804184]\n [ 0.3491038   0.31347004  0.37033863 ... -0.04636268 -0.03184871\n   0.01910278]\n [ 0.08052098  0.05442409  0.0616808  ...  0.29251243  0.2748636\n   0.25585441]]",
      "[[ 1.82163173  1.6339233   1.58314293 ...  0.33283463  0.17106364\n   0.11162315]\n [-0.24663275 -0.17953937 -0.22153358 ... -0.78450734 -0.70153431\n  -0.59686722]\n [-1.0990338  -1.06569375 -1.05249075 ... -1.19486837 -1.19345741\n  -1.19090145]\n ...\n [-0.79573228 -0.78370695 -0.79381119 ... -1.03979484 -1.023533\n  -0.99019062]\n [-0.43302442 -0.44687949 -0.44536838 ... -0.69242458 -0.69114909\n  -0.69464973]\n [ 0.12911276  0.14110137  0.13131103 ...  0.28928972  0.27023943\n   0.24100009]]",
      "[[-1.50188244e-01 -1.69667568e-01 -1.50102458e-01 ... -1.84252695e-01\n  -2.06687606e-01 -2.07120920e-01]\n [ 2.94832673e-01  3.24448377e-01  3.73481395e-01 ...  5.02171500e-01\n   5.09977579e-01  4.98595791e-01]\n [ 4.03089007e-01  4.38739630e-01  4.97994919e-01 ... -2.24228487e-01\n  -2.21516617e-01 -1.93131843e-01]\n ...\n [ 4.68067302e-01  4.69258359e-01  4.56798926e-01 ...  1.19293369e-04\n   1.03751797e-02  7.67630883e-02]\n [-1.17753424e-02 -3.33224726e-03  9.91849208e-03 ...  2.10164732e-01\n   2.51392955e-01  3.07078721e-01]\n [-7.07027372e-01 -6.73650296e-01 -6.85236185e-01 ... -8.92513442e-01\n  -8.89006102e-01 -9.03620633e-01]]",
      "[[-0.0577783  -0.14529581 -0.19245059 ...  0.58255408  0.52691647\n   0.54211159]\n [-0.46838635 -0.42981184 -0.37180787 ... -0.74934817 -0.74002393\n  -0.72722284]\n [-0.87808137 -0.90138624 -0.9227425  ... -1.28602053 -1.27972737\n  -1.25323301]\n ...\n [-0.36366466 -0.39797668 -0.426696   ... -0.81152613 -0.78778903\n  -0.77558231]\n [-0.31182818 -0.47588089 -0.47345566 ...  0.09911551  0.17251154\n   0.22821147]\n [ 0.11627155  0.09159989  0.08742351 ... -0.26331578 -0.25392815\n  -0.19155193]]"
    ],