{
  "experiment_info": {
    "timestamp": "2025-09-01T15:37:07.282789",
    "config": {
      "num_detectors": 15,
      "wavelength_range": [
        400,
        1000
      ],
      "detector_fwhm": 50.0,
      "peak_transmittance": 0.5,
      "overlap_factor": 0.8,
      "data_source": "synthetic",
      "xiong_an_data_path": "../2.xiongan\u96c4\u5b89\u65b0\u533a\u822a\u7a7a\u9ad8\u5149\u8c31\u9065\u611f\u5f71\u50cf\u5206\u7c7b\u6570\u636e\u96c6/xiongan.mat",
      "xiong_an_gt_path": "../2.xiongan\u96c4\u5b89\u65b0\u533a\u822a\u7a7a\u9ad8\u5149\u8c31\u9065\u611f\u5f71\u50cf\u5206\u7c7b\u6570\u636e\u96c6/xiongan_gt.mat",
      "synthetic_height": 100,
      "synthetic_width": 100,
      "synthetic_bands": 250,
      "synthetic_classes": 5,
      "num_samples": 2000,
      "sampling_method": "random",
      "normalization": "minmax",
      "remove_bad_bands": true,
      "noise_threshold": 0.01,
      "noise_level": 0.01,
      "alpha_selection": "cv",
      "cv_folds": 5,
      "alpha_range": [
        1e-06,
        100.0
      ],
      "n_alphas": 50,
      "generate_plots": true,
      "plot_num_samples": 8,
      "save_plots": true,
      "save_results": true,
      "save_model": true,
      "save_detector_config": true,
      "verbose": true
    }
  },
  "detector_config": {
    "min_coverage": 0.3877686976832346,
    "max_coverage": 0.6630770649961248,
    "mean_coverage": 0.6445596811114019,
    "std_coverage": 0.042876531862192015,
    "coverage_uniformity": 0.06652065451605789,
    "wavelength_range": [
      400,
      1000
    ],
    "num_detectors": 15,
    "center_wavelengths": [
      416.2162162162162,
      456.7567567567567,
      497.2972972972973,
      537.8378378378378,
      578.3783783783783,
      618.9189189189188,
      659.4594594594594,
      700.0,
      740.5405405405404,
      781.081081081081,
      821.6216216216214,
      862.1621621621621,
      902.7027027027026,
      943.2432432432431,
      983.7837837837837
    ]
  },
  "data_info": {
    "source": "synthetic",
    "original_shape": [
      100,
      100,
      250
    ],
    "processed_shape": [
      100,
      100,
      250
    ],
    "num_samples": 2000,
    "wavelength_range": [
      400.0,
      1000.0
    ],
    "num_bands": 250,
    "measurements_shape": [
      2000,
      15
    ],
    "noise_level": 0.01,
    "snr_db": 40.0
  },
  "reconstruction_metrics": {
    "optimal_alpha": 0.244205309454865,
    "training_mse": 0.023987842974061854,
    "training_r2": 0.9760121570259382,
    "mse": 0.0015927071042875903,
    "rmse": 0.03990873468662707,
    "r2": 0.9760121570259381,
    "sam_radians": 0.11485374324088306,
    "sam_degrees": 6.5806347489818044,
    "relative_error": 546167.3346348873
  },
  "cross_validation_results": {
    "mse_scores": [
      0.024381154915419274,
      0.02435216748162055,
      0.024147589394972847,
      0.024532269222862012,
      0.02447309621082315
    ],
    "r2_scores": [
      0.9757094862829336,
      0.9761804417416626,
      0.9753475618409667,
      0.9755386300848087,
      0.9746234761035182
    ],
    "sam_scores": [
      9.211185675419713,
      9.176826983668088,
      9.16178350823977,
      9.248762995019256,
      9.3372582000481
    ],
    "fold_predictions": [
      "[[ 1.98489831  1.92039509  1.88446901 ... -0.52071749 -0.49803367\n  -0.51032874]\n [-0.5099643  -0.5324273  -0.52730308 ... -0.55941304 -0.55634864\n  -0.53384191]\n [-0.40310722 -0.35287748 -0.3905459  ... -0.50928557 -0.55176643\n  -0.48849256]\n ...\n [-0.44138189 -0.45015338 -0.43951559 ... -0.4938756  -0.47174915\n  -0.48827386]\n [-0.39770809 -0.42054556 -0.42974092 ... -0.52391735 -0.45873508\n  -0.47889962]\n [-0.27084339 -0.28350158 -0.31645325 ... -0.51163679 -0.49047969\n  -0.48269434]]",
      "[[-0.44497386 -0.4589392  -0.50815762 ...  1.77877194  1.69767561\n   1.74391441]\n [-0.39475748 -0.41948363 -0.47725324 ...  2.33953496  2.21381538\n   2.24507888]\n [-0.43256585 -0.48711405 -0.47312253 ... -0.47541305 -0.45829856\n  -0.49563493]\n ...\n [-0.43684297 -0.42389085 -0.36428454 ... -0.5179889  -0.49400138\n  -0.53226887]\n [-0.35742    -0.37660693 -0.36047733 ... -0.4436443  -0.41850409\n  -0.4662364 ]\n [ 2.05362187  2.09912556  2.17114353 ... -0.58683961 -0.52641556\n  -0.57548138]]",
      "[[-0.31869319 -0.35207032 -0.34618134 ... -0.53018279 -0.46891833\n  -0.49714709]\n [ 1.28012126  1.28947016  1.31869519 ... -0.51428372 -0.48672733\n  -0.41354364]\n [ 1.53766509  1.62861345  1.65211137 ... -0.45699774 -0.43242914\n  -0.42895346]\n ...\n [-0.20310755 -0.27118212 -0.22367382 ... -0.51400629 -0.46935126\n  -0.45164535]\n [-0.37053379 -0.46839321 -0.42855156 ... -0.50192839 -0.55039451\n  -0.44392063]\n [ 1.91057636  1.97244499  2.09686145 ... -0.41396745 -0.37154595\n  -0.45046709]]",
      "[[-0.54522081 -0.51067356 -0.56752885 ... -0.50455617 -0.51803679\n  -0.50094935]\n [-0.13278009 -0.20302122 -0.18074677 ... -0.40925205 -0.39884804\n  -0.41176006]\n [-0.29264122 -0.29106125 -0.31118342 ... -0.5756264  -0.57586381\n  -0.58159701]\n ...\n [-0.61126453 -0.58563536 -0.58530977 ...  1.87750271  1.84125952\n   1.81130175]\n [-0.30714478 -0.34830993 -0.32961322 ...  1.63317469  1.64232357\n   1.56032298]\n [ 1.51783889  1.55208226  1.55145802 ... -0.43233304 -0.39348964\n  -0.43007492]]",
      "[[-0.40808385 -0.4218957  -0.45603147 ... -0.59616808 -0.55922319\n  -0.53964914]\n [-0.42441616 -0.49539746 -0.49525252 ... -0.53270704 -0.50965639\n  -0.5197699 ]\n [-0.64428516 -0.56582938 -0.60883222 ... -0.44010318 -0.42685313\n  -0.4471845 ]\n ...\n [-0.35739811 -0.35777613 -0.44070928 ...  2.2606422   2.21853315\n   2.20423941]\n [-0.42512746 -0.46970573 -0.50130398 ... -0.4324029  -0.44054257\n  -0.34455565]\n [ 2.28268661  2.24122117  2.21112101 ... -0.56572068 -0.50300265\n  -0.49655066]]"
    ],